animal_id,model_name,nll,sigma,tau,features,weights
W051,base,168247.58852316975,0.0,,"['bias', 'prev_violation_exp_4', 's_a', 's_b', 'prev_rewarded', 'prev_delayed_rewarded', 'prev_sound_avg', 'prev_correct', 'prev_choice']","[array([ 0.41956734,  0.39328804, -0.81285538]), array([-1.30833588, -1.27461036,  2.58294624]), array([-0.35143189,  0.3480421 ,  0.00338979]), array([ 0.57010662, -0.61994189,  0.04983527]), array([ 0.09267203,  0.14742123, -0.24009326]), array([ 0.05211372, -0.06941441,  0.01730068]), array([-0.06437851,  0.06947134, -0.00509283]), array([-0.17940795,  0.19434826, -0.01494032]), array([-0.1255874 ,  0.13045957, -0.00487217])]"
W051,base,168250.22616223054,0.1,,"['bias', 'prev_violation_exp_4', 's_a', 's_b', 'prev_rewarded', 'prev_delayed_rewarded', 'prev_sound_avg', 'prev_correct', 'prev_choice']","[array([ 0.41235624,  0.38601399, -0.79837023]), array([-1.29099546, -1.25759221,  2.54858769]), array([-0.35055014,  0.34709764,  0.00345257]), array([ 0.56909663, -0.6186374 ,  0.04954096]), array([ 0.09639032,  0.15120691, -0.2475973 ]), array([ 0.0534838 , -0.06483922,  0.01135542]), array([-0.06458042,  0.06917998, -0.00459958]), array([-0.17946131,  0.19422667, -0.01476519]), array([-0.12532403,  0.13022161, -0.00489749])]"
W051,base,168247.66758000123,0.3,,"['bias', 'prev_violation_exp_4', 's_a', 's_b', 'prev_rewarded', 'prev_delayed_rewarded', 'prev_sound_avg', 'prev_correct', 'prev_choice']","[array([ 0.4187504 ,  0.39246348, -0.81121388]), array([-1.30637357, -1.27268406,  2.57905763]), array([-0.3513337 ,  0.34793685,  0.00339685]), array([ 0.56999427, -0.61979623,  0.04980196]), array([ 0.09309422,  0.14785161, -0.24094583]), array([ 0.05227599, -0.06888671,  0.01661071]), array([-0.06440151,  0.06943845, -0.00503695]), array([-0.17941413,  0.19433455, -0.01492042]), array([-0.12555782,  0.13043299, -0.00487517])]"
W051,base,168247.61059708038,0.5,,"['bias', 'prev_violation_exp_4', 's_a', 's_b', 'prev_rewarded', 'prev_delayed_rewarded', 'prev_sound_avg', 'prev_correct', 'prev_choice']","[array([ 0.41927277,  0.39299072, -0.81226349]), array([-1.30762839, -1.27391584,  2.58154424]), array([-0.35139654,  0.3480042 ,  0.00339234]), array([ 0.57006617, -0.61988943,  0.04982326]), array([ 0.09282428,  0.14757646, -0.24040074]), array([ 0.05217244, -0.06922386,  0.01705142]), array([-0.0643868 ,  0.06945949, -0.00507268]), array([-0.17941018,  0.19434332, -0.01493314]), array([-0.12557674,  0.13044999, -0.00487325])]"
W051,base,168247.59888473502,0.7,,"['bias', 'prev_violation_exp_4', 's_a', 's_b', 'prev_rewarded', 'prev_delayed_rewarded', 'prev_sound_avg', 'prev_correct', 'prev_choice']","[array([ 0.41941698,  0.39313628, -0.81255326]), array([-1.30797477, -1.27425587,  2.58223064]), array([-0.35141385,  0.34802276,  0.00339109]), array([ 0.57008598, -0.61991512,  0.04982914]), array([ 0.09274975,  0.14750047, -0.24025022]), array([ 0.05214373, -0.06931711,  0.01717338]), array([-0.06438274,  0.06946529, -0.00508255]), array([-0.17940909,  0.19434574, -0.01493665]), array([-0.12558196,  0.13045468, -0.00487272])]"
W051,base,168247.59336600758,1.0,,"['bias', 'prev_violation_exp_4', 's_a', 's_b', 'prev_rewarded', 'prev_delayed_rewarded', 'prev_sound_avg', 'prev_correct', 'prev_choice']","[array([ 0.41949365,  0.39321366, -0.81270731]), array([-1.3081589 , -1.27443662,  2.58259552]), array([-0.35142305,  0.34803263,  0.00339043]), array([ 0.57009651, -0.61992877,  0.04983226]), array([ 0.09271012,  0.14746007, -0.24017019]), array([ 0.05212844, -0.06936671,  0.01723827]), array([-0.06438058,  0.06946838, -0.00508779]), array([-0.17940851,  0.19434703, -0.01493852]), array([-0.12558473,  0.13045717, -0.00487244])]"
W060,base,154898.9948810581,0.0,,"['bias', 'prev_violation_exp_4', 's_a', 's_b', 'prev_rewarded', 'prev_delayed_rewarded', 'prev_sound_avg', 'prev_correct', 'prev_choice']","[array([ 0.41604941,  0.40245455, -0.81850396]), array([-1.31887226, -1.26280348,  2.58167574]), array([-0.38910445,  0.38237449,  0.00672995]), array([ 0.60912818, -0.65464221,  0.04551403]), array([ 0.09739459,  0.13828516, -0.23567975]), array([-0.01861506, -0.02890038,  0.04751544]), array([-0.07186541,  0.07800991, -0.00614451]), array([-0.18434591,  0.19875087, -0.01440496]), array([-0.12730573,  0.12888297, -0.00157724])]"
W060,base,154895.78474268105,0.1,,"['bias', 'prev_violation_exp_4', 's_a', 's_b', 'prev_rewarded', 'prev_delayed_rewarded', 'prev_sound_avg', 'prev_correct', 'prev_choice']","[array([ 0.40798402,  0.39470228, -0.80268631]), array([-1.29888303, -1.24421388,  2.54309617]), array([-0.38806134,  0.3813174 ,  0.00674172]), array([ 0.60792331, -0.65317346,  0.04525171]), array([ 0.10161432,  0.14232854, -0.24394245]), array([-0.01488571, -0.0244643 ,  0.03935003]), array([-0.07210342,  0.07766254, -0.00555941]), array([-0.18441114,  0.19860433, -0.01419262]), array([-0.12697898,  0.12859726, -0.00161737])]"
W060,base,154898.3766635813,0.3,,"['bias', 'prev_violation_exp_4', 's_a', 's_b', 'prev_rewarded', 'prev_delayed_rewarded', 'prev_sound_avg', 'prev_correct', 'prev_choice']","[array([ 0.41513319,  0.40157376, -0.81670695]), array([-1.31660431, -1.26069543,  2.57729969]), array([-0.38898806,  0.38225684,  0.00673128]), array([ 0.60899396, -0.65447826,  0.04548432]), array([ 0.09787515,  0.13874602, -0.23662111]), array([-0.0181725 , -0.02837432,  0.04654682]), array([-0.07189262,  0.07797064, -0.00607803]), array([-0.18435347,  0.1987344 , -0.01438086]), array([-0.12726905,  0.12885094, -0.00158191])]"
W060,base,154898.76448776503,0.5,,"['bias', 'prev_violation_exp_4', 's_a', 's_b', 'prev_rewarded', 'prev_delayed_rewarded', 'prev_sound_avg', 'prev_correct', 'prev_choice']","[array([ 0.41571897,  0.40213689, -0.81785586]), array([-1.31805442, -1.26204332,  2.5800977 ]), array([-0.38906268,  0.38233198,  0.00673029]), array([ 0.60907999, -0.65458303,  0.04550344]), array([ 0.09756796,  0.13845143, -0.23601931]), array([-0.01845488, -0.02870998,  0.04716486]), array([-0.0718752 ,  0.07799578, -0.00612051]), array([-0.18434874,  0.19874483, -0.01439637]), array([-0.12729263,  0.12887132, -0.00157904])]"
W060,base,154898.87622560223,0.7,,"['bias', 'prev_violation_exp_4', 's_a', 's_b', 'prev_rewarded', 'prev_delayed_rewarded', 'prev_sound_avg', 'prev_correct', 'prev_choice']","[array([ 0.41588073,  0.4022924 , -0.81817313]), array([-1.31845479, -1.26241546,  2.58087025]), array([-0.38908307,  0.38235287,  0.0067302 ]), array([ 0.60910352, -0.65461208,  0.04550856]), array([ 0.09748308,  0.13837002, -0.23585311]), array([-0.01853321, -0.02880309,  0.0473363 ]), array([-0.07187042,  0.07800269, -0.00613227]), array([-0.18434731,  0.19874784, -0.01440053]), array([-0.12729899,  0.12887708, -0.0015781 ])]"
W060,base,154898.9364504096,1.0,,"['bias', 'prev_violation_exp_4', 's_a', 's_b', 'prev_rewarded', 'prev_delayed_rewarded', 'prev_sound_avg', 'prev_correct', 'prev_choice']","[array([ 0.41596674,  0.40237507, -0.81834181]), array([-1.31866765, -1.26261331,  2.58128095]), array([-0.38909397,  0.3823639 ,  0.00673007]), array([ 0.6091161 , -0.65462745,  0.04551135]), array([ 0.09743796,  0.13832676, -0.23576472]), array([-0.01857492, -0.02885267,  0.04742759]), array([-0.07186786,  0.07800637, -0.00613851]), array([-0.18434659,  0.19874939, -0.01440279]), array([-0.12730243,  0.12888009, -0.00157766])]"
W061,base,155420.89513477872,0.0,,"['bias', 'prev_violation_exp_4', 's_a', 's_b', 'prev_rewarded', 'prev_delayed_rewarded', 'prev_sound_avg', 'prev_correct', 'prev_choice']","[array([ 0.41815115,  0.39499725, -0.8131484 ]), array([-1.3090812 , -1.25990507,  2.56898626]), array([-0.38698451,  0.37759596,  0.00938855]), array([ 0.60627671, -0.64780367,  0.04152697]), array([ 0.09465912,  0.14144791, -0.23610703]), array([ 0.07915528, -0.08325442,  0.00409914]), array([-0.06819422,  0.0755936 , -0.00739938]), array([-0.18394134,  0.19509108, -0.01114974]), array([-0.13004946,  0.13431855, -0.00426909])]"
W061,base,155423.4700533765,0.1,,"['bias', 'prev_violation_exp_4', 's_a', 's_b', 'prev_rewarded', 'prev_delayed_rewarded', 'prev_sound_avg', 'prev_correct', 'prev_choice']","[array([ 0.41052967,  0.38732552, -0.79785519]), array([-1.29005304, -1.24165048,  2.53170358]), array([-0.3859572 ,  0.37657391,  0.00938299]), array([ 0.60508191, -0.6463906 ,  0.04130863]), array([ 0.09857817,  0.14547787, -0.2440562 ]), array([ 0.07880791, -0.07723478, -0.00157312]), array([-0.06842036,  0.07524925, -0.00682889]), array([-0.18396817,  0.19496959, -0.01100166]), array([-0.12976093,  0.13403049, -0.00426917])]"
W061,base,155420.9437029921,0.3,,"['bias', 'prev_violation_exp_4', 's_a', 's_b', 'prev_rewarded', 'prev_delayed_rewarded', 'prev_sound_avg', 'prev_correct', 'prev_choice']","[array([ 0.41728649,  0.39412606, -0.81141255]), array([-1.30692465, -1.25783588,  2.56476044]), array([-0.38686977,  0.37748228,  0.0093881 ]), array([ 0.60614321, -0.64764629,  0.0415018 ]), array([ 0.09510482,  0.1419071 , -0.23701156]), array([ 0.07912322, -0.08255215,  0.00342893]), array([-0.06822003,  0.07555469, -0.00733462]), array([-0.18394467,  0.19507727, -0.011133  ]), array([-0.13001732,  0.13428606, -0.00426947])]"
W061,base,155420.9055136115,0.5,,"['bias', 'prev_violation_exp_4', 's_a', 's_b', 'prev_rewarded', 'prev_delayed_rewarded', 'prev_sound_avg', 'prev_correct', 'prev_choice']","[array([ 0.41783935,  0.39468307, -0.81252241]), array([-1.30830356, -1.25915892,  2.56746253]), array([-0.38694332,  0.37755489,  0.00938826]), array([ 0.60622886, -0.64774678,  0.0415181 ]), array([ 0.09481987,  0.14161354, -0.2364333 ]), array([ 0.07914394, -0.08300059,  0.00385666]), array([-0.0682035 ,  0.07557961, -0.00737599]), array([-0.18394248,  0.19508618, -0.01114363]), array([-0.1300377 ,  0.13430703, -0.00426905])]"
W061,base,155420.89942696097,0.7,,"['bias', 'prev_violation_exp_4', 's_a', 's_b', 'prev_rewarded', 'prev_delayed_rewarded', 'prev_sound_avg', 'prev_correct', 'prev_choice']","[array([ 0.41799199,  0.39483687, -0.81282887]), array([-1.30868428, -1.25952422,  2.56820849]), array([-0.38696346,  0.37757504,  0.00938843]), array([ 0.60625226, -0.64777467,  0.04152241]), array([ 0.09474116,  0.14153244, -0.2362736 ]), array([ 0.07914952, -0.08312477,  0.00397525]), array([-0.06819898,  0.07558644, -0.00738746]), array([-0.18394193,  0.19508857, -0.01114664]), array([-0.13004351,  0.13431262, -0.00426912])]"
W061,base,155420.89696869114,1.0,,"['bias', 'prev_violation_exp_4', 's_a', 's_b', 'prev_rewarded', 'prev_delayed_rewarded', 'prev_sound_avg', 'prev_correct', 'prev_choice']","[array([ 0.41807316,  0.39491864, -0.8129918 ]), array([-1.30888666, -1.25971843,  2.56860509]), array([-0.38697419,  0.37758571,  0.00938848]), array([ 0.60626472, -0.64778947,  0.04152475]), array([ 0.09469932,  0.14148935, -0.23618867]), array([ 0.07915246, -0.08319085,  0.00403839]), array([-0.06819655,  0.0755901 , -0.00739355]), array([-0.18394163,  0.19508985, -0.01114822]), array([-0.13004654,  0.13431564, -0.0042691 ])]"
W062,base,154857.1687247916,0.0,,"['bias', 'prev_violation_exp_4', 's_a', 's_b', 'prev_rewarded', 'prev_delayed_rewarded', 'prev_sound_avg', 'prev_correct', 'prev_choice']","[array([ 0.42116831,  0.39486797, -0.81603627]), array([-1.30747083, -1.26789026,  2.57536109]), array([-0.3868504,  0.3824545,  0.0043959]), array([ 0.60358896, -0.6514352 ,  0.04784624]), array([ 0.09184717,  0.14451626, -0.23636343]), array([ 0.06069464, -0.09840644,  0.0377118 ]), array([-0.06783847,  0.0737889 , -0.00595043]), array([-0.18245724,  0.19398808, -0.01153084]), array([-0.1250389 ,  0.12850526, -0.00346637])]"
W062,base,154856.10686693675,0.1,,"['bias', 'prev_violation_exp_4', 's_a', 's_b', 'prev_rewarded', 'prev_delayed_rewarded', 'prev_sound_avg', 'prev_correct', 'prev_choice']","[array([ 0.41371889,  0.38732465, -0.80104354]), array([-1.2890387 , -1.24992643,  2.53896493]), array([-0.38588554,  0.38142631,  0.00445886]), array([ 0.6024665 , -0.65002647,  0.04756008]), array([ 0.09571168,  0.14850081, -0.24421258]), array([ 0.06127129, -0.0918525 ,  0.0305812 ]), array([-0.06805576,  0.0734643 , -0.00540849]), array([-0.18249078,  0.19386011, -0.01136921]), array([-0.12476179,  0.12823895, -0.00347682])]"
W062,base,154856.8159707241,0.3,,"['bias', 'prev_violation_exp_4', 's_a', 's_b', 'prev_rewarded', 'prev_delayed_rewarded', 'prev_sound_avg', 'prev_correct', 'prev_choice']","[array([ 0.4203235 ,  0.39401165, -0.81433514]), array([-1.30538282, -1.26585465,  2.57123747]), array([-0.3867429 ,  0.3823399 ,  0.00440303]), array([ 0.60346403, -0.65127784,  0.04781382]), array([ 0.09228637,  0.14497   , -0.23725639]), array([ 0.06076853, -0.09764392,  0.03687539]), array([-0.06786328,  0.0737522 , -0.00588898]), array([-0.18246119,  0.19397365, -0.0115124 ]), array([-0.1250078 ,  0.12847547, -0.00346775])]"
W062,base,154857.03469806173,0.5,,"['bias', 'prev_violation_exp_4', 's_a', 's_b', 'prev_rewarded', 'prev_delayed_rewarded', 'prev_sound_avg', 'prev_correct', 'prev_choice']","[array([ 0.42086366,  0.39455915, -0.81542282]), array([-1.30671796, -1.26715625,  2.57387421]), array([-0.3868117 ,  0.38241323,  0.00439847]), array([ 0.60354398, -0.65137852,  0.04783454]), array([ 0.09200558,  0.14467993, -0.23668551]), array([ 0.06072154, -0.0981309 ,  0.03740936]), array([-0.06784741,  0.07377568, -0.00592826]), array([-0.18245868,  0.19398287, -0.0115242 ]), array([-0.12502769,  0.12849454, -0.00346686])]"
W062,base,154857.09935787652,0.7,,"['bias', 'prev_violation_exp_4', 's_a', 's_b', 'prev_rewarded', 'prev_delayed_rewarded', 'prev_sound_avg', 'prev_correct', 'prev_choice']","[array([ 0.42101281,  0.39471033, -0.81572314]), array([-1.30708654, -1.2675156 ,  2.57460214]), array([-0.38683065,  0.38243344,  0.00439721]), array([ 0.60356601, -0.65140628,  0.04784027]), array([ 0.09192803,  0.14459981, -0.23652784]), array([ 0.06070841, -0.09826571,  0.0375573 ]), array([-0.06784304,  0.07378215, -0.00593911]), array([-0.18245797,  0.19398542, -0.01152745]), array([-0.12503318,  0.12849979, -0.00346662])]"
W062,base,154857.13447924174,1.0,,"['bias', 'prev_violation_exp_4', 's_a', 's_b', 'prev_rewarded', 'prev_delayed_rewarded', 'prev_sound_avg', 'prev_correct', 'prev_choice']","[array([ 0.42109209,  0.39479071, -0.8158828 ]), array([-1.30728249, -1.26770663,  2.57498912]), array([-0.38684073,  0.38244418,  0.00439654]), array([ 0.60357772, -0.65142103,  0.04784331]), array([ 0.0918868 ,  0.14455721, -0.23644402]), array([ 0.0607014 , -0.09833744,  0.03763605]), array([-0.06784071,  0.07378559, -0.00594488]), array([-0.1824576 ,  0.19398678, -0.01152918]), array([-0.12503609,  0.12850258, -0.00346649])]"
W065,base,164351.50229407227,0.0,,"['bias', 'prev_violation_exp_4', 's_a', 's_b', 'prev_rewarded', 'prev_delayed_rewarded', 'prev_sound_avg', 'prev_correct', 'prev_choice']","[array([ 0.42084049,  0.39800682, -0.81884731]), array([-1.29487334, -1.28544613,  2.58031947]), array([-0.35614551,  0.34903618,  0.00710933]), array([ 0.57483295, -0.62260299,  0.04777004]), array([ 0.08888332,  0.14121366, -0.23009698]), array([ 0.02603989, -0.07844939,  0.0524095 ]), array([-0.06491754,  0.07060558, -0.00568803]), array([-0.18467833,  0.19506225, -0.01038392]), array([-1.27040372e-01,  1.27060697e-01, -2.03251066e-05])]"
W065,base,164354.00278319448,0.1,,"['bias', 'prev_violation_exp_4', 's_a', 's_b', 'prev_rewarded', 'prev_delayed_rewarded', 'prev_sound_avg', 'prev_correct', 'prev_choice']","[array([ 0.41369419,  0.39069102, -0.80438521]), array([-1.27780637, -1.26814288,  2.54594947]), array([-0.3552833 ,  0.34809677,  0.00718615]), array([ 0.5738555 , -0.62128754,  0.04743228]), array([ 0.09259846,  0.1450406 , -0.23763921]), array([ 0.02808987, -0.07346532,  0.04537546]), array([-0.06511311,  0.07031863, -0.00520548]), array([-0.18472704,  0.19494343, -0.01021643]), array([-1.26774048e-01,  1.26822981e-01, -4.88716417e-05])]"
W065,base,164351.55969423626,0.3,,"['bias', 'prev_violation_exp_4', 's_a', 's_b', 'prev_rewarded', 'prev_delayed_rewarded', 'prev_sound_avg', 'prev_correct', 'prev_choice']","[array([ 0.42003087,  0.39717746, -0.81720833]), array([-1.29294219, -1.28348736,  2.57642955]), array([-0.35604952,  0.34893147,  0.00711801]), array([ 0.57472427, -0.62245606,  0.04773179]), array([ 0.08930515,  0.14164873, -0.23095389]), array([ 0.02627964, -0.0778744 ,  0.05159477]), array([-0.06493982,  0.07057319, -0.00563337]), array([-0.18468398,  0.19504887, -0.01036488]), array([-1.27010473e-01,  1.27034122e-01, -2.36725840e-05])]"
W065,base,164351.51638376032,0.5,,"['bias', 'prev_violation_exp_4', 's_a', 's_b', 'prev_rewarded', 'prev_delayed_rewarded', 'prev_sound_avg', 'prev_correct', 'prev_choice']","[array([ 0.42054857,  0.39770778, -0.81825635]), array([-1.29417712, -1.28473992,  2.57891701]), array([-0.35611099,  0.34899843,  0.00711242]), array([ 0.57479329, -0.62255061,  0.0477557 ]), array([ 0.08903542,  0.14137053, -0.23040603]), array([ 0.02612656, -0.07824176,  0.05211521]), array([-0.06492562,  0.07059387, -0.00566835]), array([-0.18468082,  0.19505697, -0.0103775 ]), array([-1.27029572e-01,  1.27051155e-01, -2.15036817e-05])]"
W065,base,164351.50854849812,0.7,,"['bias', 'prev_violation_exp_4', 's_a', 's_b', 'prev_rewarded', 'prev_delayed_rewarded', 'prev_sound_avg', 'prev_correct', 'prev_choice']","[array([ 0.42069148,  0.39785417, -0.81854565]), array([-1.29451797, -1.28508565,  2.57960362]), array([-0.35612788,  0.34901694,  0.00711093]), array([ 0.57481299, -0.62257599,  0.047763  ]), array([ 0.08896098,  0.14129375, -0.23025473]), array([ 0.02608416, -0.07834337,  0.05225921]), array([-0.06492165,  0.07059962, -0.00567797]), array([-0.18467937,  0.19505979, -0.01038041]), array([-1.27034873e-01,  1.27055816e-01, -2.09429274e-05])]"
W065,base,164351.50511965854,1.0,,"['bias', 'prev_violation_exp_4', 's_a', 's_b', 'prev_rewarded', 'prev_delayed_rewarded', 'prev_sound_avg', 'prev_correct', 'prev_choice']","[array([ 0.42076746,  0.39793201, -0.81869947]), array([-1.29469917, -1.28526946,  2.57996863]), array([-0.35613687,  0.34902675,  0.00711012]), array([ 0.57482316, -0.62258975,  0.04776659]), array([ 0.08892138,  0.14125292, -0.2301743 ]), array([ 0.02606159, -0.07839741,  0.05233582]), array([-0.06491955,  0.07060266, -0.0056831 ]), array([-0.18467884,  0.19506104, -0.0103822 ]), array([-1.27037678e-01,  1.27058305e-01, -2.06270261e-05])]"
W066,base,164646.753734653,0.0,,"['bias', 'prev_violation_exp_4', 's_a', 's_b', 'prev_rewarded', 'prev_delayed_rewarded', 'prev_sound_avg', 'prev_correct', 'prev_choice']","[array([ 0.4191448,  0.3977197, -0.8168645]), array([-1.3062186 , -1.2768323 ,  2.58305089]), array([-0.37177269,  0.36422978,  0.00754291]), array([ 0.58893914, -0.63345808,  0.04451894]), array([ 0.09792001,  0.14088448, -0.23880449]), array([ 0.05046103, -0.09053363,  0.0400726 ]), array([-0.06508301,  0.07109426, -0.00601124]), array([-0.18070714,  0.19168452, -0.01097738]), array([-0.12508433,  0.12769471, -0.00261038])]"
W066,base,164643.97500876116,0.1,,"['bias', 'prev_violation_exp_4', 's_a', 's_b', 'prev_rewarded', 'prev_delayed_rewarded', 'prev_sound_avg', 'prev_correct', 'prev_choice']","[array([ 0.41185209,  0.39028516, -0.80213725]), array([-1.28849949, -1.25933469,  2.54783417]), array([-0.37086025,  0.3632533 ,  0.00760696]), array([ 0.58788605, -0.63212096,  0.04423487]), array([ 0.10168617,  0.14480295, -0.24648912]), array([ 0.05173983, -0.08509423,  0.0333544 ]), array([-0.06529836,  0.07077939, -0.00548105]), array([-0.18074933,  0.19156453, -0.01081517]), array([-0.1248219 ,  0.12744501, -0.00262322])]"
W066,base,164646.210978998,0.3,,"['bias', 'prev_violation_exp_4', 's_a', 's_b', 'prev_rewarded', 'prev_delayed_rewarded', 'prev_sound_avg', 'prev_correct', 'prev_choice']","[array([ 0.41831821,  0.3968765 , -0.81519471]), array([-1.30421263, -1.27485084,  2.57906347]), array([-0.37167108,  0.36412093,  0.00755015]), array([ 0.588822  , -0.63330875,  0.04448674]), array([ 0.09834786,  0.14133017, -0.23967803]), array([ 0.05061355, -0.0899054 ,  0.03929185]), array([-0.06510755,  0.07105869, -0.00595114]), array([-0.18071208,  0.19167098, -0.0109589 ]), array([-0.12505485,  0.12766681, -0.00261198])]"
W066,base,164646.55135481397,0.5,,"['bias', 'prev_violation_exp_4', 's_a', 's_b', 'prev_rewarded', 'prev_delayed_rewarded', 'prev_sound_avg', 'prev_correct', 'prev_choice']","[array([ 0.41884674,  0.39741564, -0.81626238]), array([-1.30549533, -1.27611785,  2.58161324]), array([-0.37173608,  0.36419061,  0.00754555]), array([ 0.58889706, -0.6334042 ,  0.04450742]), array([ 0.09807421,  0.14104513, -0.23911966]), array([ 0.05051625, -0.09030676,  0.0397905 ]), array([-0.06509187,  0.07108143, -0.00598958]), array([-0.18070892,  0.19167964, -0.0109707 ]), array([-0.12507367,  0.1276847 , -0.00261092])]"
W066,base,164646.64950877614,0.7,,"['bias', 'prev_violation_exp_4', 's_a', 's_b', 'prev_rewarded', 'prev_delayed_rewarded', 'prev_sound_avg', 'prev_correct', 'prev_choice']","[array([ 0.41899267,  0.39756449, -0.81655716]), array([-1.30584946, -1.27646767,  2.58231713]), array([-0.37175403,  0.36420979,  0.00754424]), array([ 0.58891762, -0.63343064,  0.04451302]), array([ 0.09799877,  0.14096655, -0.23896532]), array([ 0.05048925, -0.09041776,  0.03992851]), array([-0.06508753,  0.07108771, -0.00600018]), array([-0.18070805,  0.19168202, -0.01097398]), array([-0.1250789 ,  0.12768959, -0.00261068])]"
W066,base,164646.7024145109,1.0,,"['bias', 'prev_violation_exp_4', 's_a', 's_b', 'prev_rewarded', 'prev_delayed_rewarded', 'prev_sound_avg', 'prev_correct', 'prev_choice']","[array([ 0.41907024,  0.39764363, -0.81671387]), array([-1.30603769, -1.2766536 ,  2.58269129]), array([-0.37176355,  0.36421999,  0.00754356]), array([ 0.58892859, -0.63344463,  0.04451604]), array([ 0.09795861,  0.14092471, -0.23888332]), array([ 0.05047487, -0.09047682,  0.04000195]), array([-0.06508523,  0.07109105, -0.00600582]), array([-0.18070758,  0.1916833 , -0.01097572]), array([-0.12508167,  0.1276922 , -0.00261053])]"
W068,base,165060.8937808637,0.0,,"['bias', 'prev_violation_exp_4', 's_a', 's_b', 'prev_rewarded', 'prev_delayed_rewarded', 'prev_sound_avg', 'prev_correct', 'prev_choice']","[array([ 0.42315356,  0.39058315, -0.81373672]), array([-1.31054657, -1.26581582,  2.57636239]), array([-0.35700423,  0.35169521,  0.00530901]), array([ 0.57297237, -0.62187009,  0.04889772]), array([ 0.09038002,  0.14570206, -0.23608208]), array([ 0.0398669 , -0.07396299,  0.03409608]), array([-0.06558748,  0.07006236, -0.00447488]), array([-0.18280975,  0.1953107 , -0.01250095]), array([-0.12797683,  0.12649229,  0.00148454])]"
W068,base,165066.02897455927,0.1,,"['bias', 'prev_violation_exp_4', 's_a', 's_b', 'prev_rewarded', 'prev_delayed_rewarded', 'prev_sound_avg', 'prev_correct', 'prev_choice']","[array([ 0.41601182,  0.38346117, -0.79947299]), array([-1.29333182, -1.24919589,  2.5425279 ]), array([-0.35612036,  0.35078347,  0.00533723]), array([ 0.57196475, -0.62060601,  0.04864129]), array([ 0.09408234,  0.14942427, -0.24350664]), array([ 0.04157497, -0.06933951,  0.02776454]), array([-0.06578018,  0.06977933, -0.00399907]), array([-0.1828468 ,  0.19520549, -0.01235857]), array([-0.12771379,  0.12625802,  0.0014558 ])]"
W068,base,165061.25924413372,0.3,,"['bias', 'prev_violation_exp_4', 's_a', 's_b', 'prev_rewarded', 'prev_delayed_rewarded', 'prev_sound_avg', 'prev_correct', 'prev_choice']","[array([ 0.42234467,  0.38977605, -0.81212072]), array([-1.30859884, -1.26393521,  2.57253404]), array([-0.35690577,  0.35159363,  0.00531213]), array([ 0.57286024, -0.62172899,  0.04886874]), array([ 0.09080026,  0.14612506, -0.23692534]), array([ 0.04006716, -0.0734303 ,  0.03336314]), array([-0.06560944,  0.07003042, -0.004421  ]), array([-0.18281411,  0.19529883, -0.01248482]), array([-0.1279473 ,  0.12646611,  0.00148119])]"
W068,base,165061.0192363718,0.5,,"['bias', 'prev_violation_exp_4', 's_a', 's_b', 'prev_rewarded', 'prev_delayed_rewarded', 'prev_sound_avg', 'prev_correct', 'prev_choice']","[array([ 0.4228619 ,  0.39029212, -0.81315403]), array([-1.30984429, -1.26513774,  2.57498211]), array([-0.35696878,  0.35165862,  0.00531012]), array([ 0.57293218, -0.62181908,  0.04888747]), array([ 0.09053172,  0.14585477, -0.23638604]), array([ 0.03993931, -0.07377066,  0.03383135]), array([-0.06559546,  0.07005079, -0.00445552]), array([-0.18281142,  0.19530634, -0.01249522]), array([-0.12796623,  0.12648282,  0.00148328])]"
W068,base,165060.95693179226,0.7,,"['bias', 'prev_violation_exp_4', 's_a', 's_b', 'prev_rewarded', 'prev_delayed_rewarded', 'prev_sound_avg', 'prev_correct', 'prev_choice']","[array([ 0.42300469,  0.3904346 , -0.81343929]), array([-1.3101881 , -1.26546972,  2.57565782]), array([-0.35698612,  0.35167654,  0.00530958]), array([ 0.57295176, -0.62184416,  0.0488924 ]), array([ 0.09045738,  0.14577994, -0.23623731]), array([ 0.03990389, -0.07386478,  0.0339609 ]), array([-0.06559152,  0.07005649, -0.00446497]), array([-0.18281055,  0.19530853, -0.01249798]), array([-0.1279714 ,  0.12648748,  0.00148391])]"
W068,base,165060.92450602853,1.0,,"['bias', 'prev_violation_exp_4', 's_a', 's_b', 'prev_rewarded', 'prev_delayed_rewarded', 'prev_sound_avg', 'prev_correct', 'prev_choice']","[array([ 0.42308059,  0.39051034, -0.81359093]), array([-1.31037085, -1.26564617,  2.57601702]), array([-0.35699535,  0.35168606,  0.00530929]), array([ 0.57296227, -0.62185738,  0.04889511]), array([ 0.09041793,  0.14574023, -0.23615816]), array([ 0.03988504, -0.07391485,  0.03402982]), array([-0.06558946,  0.07005948, -0.00447002]), array([-0.18281014,  0.19530964, -0.01249949]), array([-0.12797416,  0.12648994,  0.00148423])]"
W072,base,147092.99642874463,0.0,,"['bias', 'prev_violation_exp_4', 's_a', 's_b', 'prev_rewarded', 'prev_delayed_rewarded', 'prev_sound_avg', 'prev_correct', 'prev_choice']","[array([ 0.42023175,  0.39707332, -0.81730507]), array([-1.31442285, -1.26837807,  2.58280092]), array([-0.37926753,  0.37243421,  0.00683332]), array([ 0.60276819, -0.64743948,  0.04467129]), array([ 0.09747041,  0.14607341, -0.24354382]), array([ 0.00532202, -0.05536214,  0.05004012]), array([-0.06800823,  0.07398526, -0.00597703]), array([-0.18630098,  0.19843341, -0.01213243]), array([-0.12684163,  0.12744031, -0.00059868])]"
W072,base,147093.58007174463,0.1,,"['bias', 'prev_violation_exp_4', 's_a', 's_b', 'prev_rewarded', 'prev_delayed_rewarded', 'prev_sound_avg', 'prev_correct', 'prev_choice']","[array([ 0.41212624,  0.38912474, -0.80125099]), array([-1.29441006, -1.24930623,  2.54371628]), array([-0.37823746,  0.37136291,  0.00687455]), array([ 0.60156794, -0.64595919,  0.04439125]), array([ 0.10168777,  0.15020761, -0.25189538]), array([ 0.00801722, -0.0496665 ,  0.04164928]), array([-0.06825221,  0.07363773, -0.00538551]), array([-0.18635639,  0.198294  , -0.0119376 ]), array([-0.12652758,  0.12715745, -0.00062986])]"
W072,base,147092.81155187025,0.3,,"['bias', 'prev_violation_exp_4', 's_a', 's_b', 'prev_rewarded', 'prev_delayed_rewarded', 'prev_sound_avg', 'prev_correct', 'prev_choice']","[array([ 0.41931087,  0.39616973, -0.8154806 ]), array([-1.31215202, -1.26621421,  2.57836623]), array([-0.37915274,  0.37231482,  0.00683794]), array([ 0.60263459, -0.64727412,  0.04463954]), array([ 0.09795075,  0.14654498, -0.24449574]), array([ 0.00564386, -0.05469082,  0.04904697]), array([-0.06803611,  0.07394595, -0.00590983]), array([-0.18630746,  0.19841771, -0.01211026]), array([-0.12680632,  0.12740867, -0.00060234])]"
W072,base,147092.92238357407,0.5,,"['bias', 'prev_violation_exp_4', 's_a', 's_b', 'prev_rewarded', 'prev_delayed_rewarded', 'prev_sound_avg', 'prev_correct', 'prev_choice']","[array([ 0.41989963,  0.39674742, -0.81664705]), array([-1.31360394, -1.26759775,  2.58120171]), array([-0.37922617,  0.37239124,  0.006835  ]), array([ 0.60271992, -0.6473801 ,  0.04465967]), array([ 0.0976437 ,  0.14624356, -0.24388721]), array([ 0.00543857, -0.05511929,  0.04968072]), array([-0.06801829,  0.07397109, -0.00595279]), array([-0.18630312,  0.19842796, -0.01212423]), array([-0.12682888,  0.12742894, -0.00059998])]"
W072,base,147092.95759153608,0.7,,"['bias', 'prev_violation_exp_4', 's_a', 's_b', 'prev_rewarded', 'prev_delayed_rewarded', 'prev_sound_avg', 'prev_correct', 'prev_choice']","[array([ 0.42006221,  0.39690696, -0.81696918]), array([-1.31400485, -1.26797976,  2.58198461]), array([-0.37924644,  0.37241228,  0.00683417]), array([ 0.60274365, -0.64740909,  0.04466545]), array([ 0.09755887,  0.14616026, -0.24371913]), array([ 0.00538158, -0.05523807,  0.04985649]), array([-0.06801337,  0.07397803, -0.00596466]), array([-0.18630218,  0.19843053, -0.01212835]), array([-0.12683514,  0.1274345 , -0.00059936])]"
W072,base,147092.97712765908,1.0,,"['bias', 'prev_violation_exp_4', 's_a', 's_b', 'prev_rewarded', 'prev_delayed_rewarded', 'prev_sound_avg', 'prev_correct', 'prev_choice']","[array([ 0.42014865,  0.39699178, -0.81714044]), array([-1.31421797, -1.26818285,  2.58240083]), array([-0.37925719,  0.37242346,  0.00683373]), array([ 0.60275616, -0.64742459,  0.04466843]), array([ 0.09751377,  0.14611599, -0.24362976]), array([ 0.00535123, -0.0553013 ,  0.04995007]), array([-0.06801075,  0.07398172, -0.00597097]), array([-0.18630156,  0.198432  , -0.01213043]), array([-0.12683845,  0.12743746, -0.00059901])]"
W073,base,150978.59675319068,0.0,,"['bias', 'prev_violation_exp_4', 's_a', 's_b', 'prev_rewarded', 'prev_delayed_rewarded', 'prev_sound_avg', 'prev_correct', 'prev_choice']","[array([ 0.42568285,  0.38866828, -0.81435113]), array([-1.31150003, -1.26888259,  2.58038263]), array([-0.36866317,  0.36510933,  0.00355384]), array([ 0.58754051, -0.63607203,  0.04853152]), array([ 0.093024  ,  0.14852953, -0.24155353]), array([ 0.08324083, -0.11037792,  0.02713709]), array([-0.06626545,  0.07271942, -0.00645397]), array([-0.18843652,  0.19701541, -0.00857889]), array([-0.12696952,  0.13088484, -0.00391532])]"
W073,base,150980.33600470354,0.1,,"['bias', 'prev_violation_exp_4', 's_a', 's_b', 'prev_rewarded', 'prev_delayed_rewarded', 'prev_sound_avg', 'prev_correct', 'prev_choice']","[array([ 0.41799955,  0.38082784, -0.79882739]), array([-1.29256312, -1.25034381,  2.54290692]), array([-0.36768617,  0.36406505,  0.00362112]), array([ 0.58640993, -0.63463612,  0.04822619]), array([ 0.09695723,  0.15263668, -0.24959391]), array([ 0.08323512, -0.10349488,  0.02025976]), array([-0.06650606,  0.07237715, -0.00587109]), array([-0.18844089,  0.19690761, -0.00846672]), array([-0.12671218,  0.1305858 , -0.00387362])]"
W073,base,150978.55336056603,0.3,,"['bias', 'prev_violation_exp_4', 's_a', 's_b', 'prev_rewarded', 'prev_delayed_rewarded', 'prev_sound_avg', 'prev_correct', 'prev_choice']","[array([ 0.42481108,  0.38777766, -0.81258874]), array([-1.30935376, -1.26678047,  2.57613422]), array([-0.36855434,  0.36499287,  0.00356145]), array([ 0.58741469, -0.63591159,  0.04849689]), array([ 0.09347132,  0.14899763, -0.24246887]), array([ 0.0832482 , -0.10957831,  0.02633011]), array([-0.06629288,  0.07268072, -0.00638781]), array([-0.18843722,  0.19700325, -0.00856607]), array([-0.12694065,  0.13085137, -0.00391073])]"
W073,base,150978.57404638935,0.5,,"['bias', 'prev_violation_exp_4', 's_a', 's_b', 'prev_rewarded', 'prev_delayed_rewarded', 'prev_sound_avg', 'prev_correct', 'prev_choice']","[array([ 0.42536848,  0.38834708, -0.81371556]), array([-1.31072612, -1.26812457,  2.57885071]), array([-0.36862394,  0.36506744,  0.00355663]), array([ 0.58749523, -0.63601422,  0.04851906]), array([ 0.09318536,  0.14869842, -0.24188367]), array([ 0.08324373, -0.11008901,  0.02684528]), array([-0.06627535,  0.07270546, -0.00643012]), array([-0.18843689,  0.19701092, -0.00857438]), array([-0.1269591 ,  0.13087281, -0.00391364])]"
W073,base,150978.58416797803,0.7,,"['bias', 'prev_violation_exp_4', 's_a', 's_b', 'prev_rewarded', 'prev_delayed_rewarded', 'prev_sound_avg', 'prev_correct', 'prev_choice']","[array([ 0.42552238,  0.38850432, -0.8140267 ]), array([-1.31110501, -1.26849567,  2.57960068]), array([-0.36864317,  0.36508793,  0.00355524]), array([ 0.5875174 , -0.63604255,  0.04852515]), array([ 0.09310635,  0.14861573, -0.24172208]), array([ 0.08324234, -0.11023037,  0.02698802]), array([-0.0662705,  0.0727123, -0.0064418]), array([-0.18843665,  0.19701318, -0.00857652]), array([-0.12696421,  0.13087869, -0.00391448])]"
W073,base,150978.5903294747,1.0,,"['bias', 'prev_violation_exp_4', 's_a', 's_b', 'prev_rewarded', 'prev_delayed_rewarded', 'prev_sound_avg', 'prev_correct', 'prev_choice']","[array([ 0.4256042 ,  0.38858792, -0.81419212]), array([-1.31130643, -1.26869296,  2.57999939]), array([-0.36865337,  0.36509884,  0.00355453]), array([ 0.58752918, -0.63605758,  0.0485284 ]), array([ 0.09306435,  0.14857178, -0.24163614]), array([ 0.08324158, -0.11030558,  0.027064  ]), array([-0.06626792,  0.07271593, -0.006448  ]), array([-0.18843659,  0.19701432, -0.00857773]), array([-0.12696692,  0.13088183, -0.0039149 ])]"
W074,base,152536.71581744205,0.0,,"['bias', 'prev_violation_exp_4', 's_a', 's_b', 'prev_rewarded', 'prev_delayed_rewarded', 'prev_sound_avg', 'prev_correct', 'prev_choice']","[array([ 0.42421088,  0.39205631, -0.81626719]), array([-1.3153044 , -1.26372598,  2.57903038]), array([-0.3843383 ,  0.38060019,  0.00373811]), array([ 0.60533458, -0.65196865,  0.04663407]), array([ 0.09112373,  0.14930393, -0.24042767]), array([ 0.00365069, -0.05039939,  0.0467487 ]), array([-0.06707297,  0.07428889, -0.00721592]), array([-0.18497688,  0.19621985, -0.01124296]), array([-0.1267672 ,  0.13016114, -0.00339394])]"
W074,base,152535.1023462339,0.1,,"['bias', 'prev_violation_exp_4', 's_a', 's_b', 'prev_rewarded', 'prev_delayed_rewarded', 'prev_sound_avg', 'prev_correct', 'prev_choice']","[array([ 0.41643044,  0.38449678, -0.80092723]), array([-1.29605575, -1.24553054,  2.54158624]), array([-0.38333706,  0.37956373,  0.00377351]), array([ 0.60416851, -0.65053843,  0.04636982]), array([ 0.09518457,  0.15323105, -0.24841585]), array([ 0.00623128, -0.04518455,  0.03895326]), array([-0.06730456,  0.07395511, -0.00665059]), array([-0.18500067,  0.19610767, -0.01110704]), array([-0.12648188,  0.12986246, -0.00338081])]"
W074,base,152536.2958121184,0.3,,"['bias', 'prev_violation_exp_4', 's_a', 's_b', 'prev_rewarded', 'prev_delayed_rewarded', 'prev_sound_avg', 'prev_correct', 'prev_choice']","[array([ 0.4233278 ,  0.39119777, -0.81452557]), array([-1.31312216, -1.26166343,  2.57478559]), array([-0.38422674,  0.38048467,  0.00374202]), array([ 0.60520475, -0.65180895,  0.04660417]), array([ 0.09158572,  0.14975139, -0.24133711]), array([ 0.00395784, -0.04978521,  0.04582737]), array([-0.06709942,  0.07425115, -0.00715174]), array([-0.18497976,  0.19620725, -0.01122754]), array([-0.12673518,  0.13012768, -0.0033925 ])]"
W074,base,152536.55739153834,0.5,,"['bias', 'prev_violation_exp_4', 's_a', 's_b', 'prev_rewarded', 'prev_delayed_rewarded', 'prev_sound_avg', 'prev_correct', 'prev_choice']","[array([ 0.42389241,  0.39174668, -0.81563909]), array([-1.31451751, -1.26298225,  2.5774997 ]), array([-0.38429812,  0.38055859,  0.00373953]), array([ 0.60528767, -0.65191129,  0.04662312]), array([ 0.09129057,  0.14946554, -0.24075552]), array([ 0.00376191, -0.05017721,  0.04641536]), array([-0.06708245,  0.07427536, -0.0071927 ]), array([-0.18497795,  0.1962153 , -0.01123741]), array([-0.12675579,  0.13014896, -0.00339355])]"
W074,base,152536.63395914593,0.7,,"['bias', 'prev_violation_exp_4', 's_a', 's_b', 'prev_rewarded', 'prev_delayed_rewarded', 'prev_sound_avg', 'prev_correct', 'prev_choice']","[array([ 0.42404832,  0.39189825, -0.81594657]), array([-1.31490272, -1.26334633,  2.57824905]), array([-0.3843178 ,  0.38057896,  0.00373884]), array([ 0.60531073, -0.65193929,  0.04662856]), array([ 0.0912088 ,  0.14938633, -0.24059513]), array([ 0.00370751, -0.0502859 ,  0.04657838]), array([-0.06707785,  0.07428195, -0.0072041 ]), array([-0.18497742,  0.19621754, -0.01124012]), array([-0.12676132,  0.13015499, -0.00339367])]"
W074,base,152536.6754503816,1.0,,"['bias', 'prev_violation_exp_4', 's_a', 's_b', 'prev_rewarded', 'prev_delayed_rewarded', 'prev_sound_avg', 'prev_correct', 'prev_choice']","[array([ 0.42413121,  0.39197884, -0.81611005]), array([-1.31510754, -1.26353992,  2.57864746]), array([-0.38432826,  0.38058979,  0.00373847]), array([ 0.60532289, -0.65195427,  0.04663138]), array([ 0.09116543,  0.14934432, -0.24050975]), array([ 0.00367856, -0.05034374,  0.04666518]), array([-0.06707536,  0.07428549, -0.00721013]), array([-0.18497715,  0.19621872, -0.01124157]), array([-0.12676431,  0.13015813, -0.00339381])]"
W075,base,149443.28346375824,0.0,,"['bias', 'prev_violation_exp_4', 's_a', 's_b', 'prev_rewarded', 'prev_delayed_rewarded', 'prev_sound_avg', 'prev_correct', 'prev_choice']","[array([ 0.42181873,  0.39817193, -0.81999066]), array([-1.31302497, -1.26430641,  2.57733138]), array([-0.38045192,  0.37349741,  0.00695451]), array([ 0.60146415, -0.64710289,  0.04563874]), array([ 0.09116142,  0.14102539, -0.23218681]), array([ 0.02948059, -0.07387158,  0.04439099]), array([-0.06885692,  0.07513092, -0.006274  ]), array([-0.18535488,  0.19845228, -0.0130974 ]), array([-0.1283789,  0.1313732, -0.0029943])]"
W075,base,149443.30678515934,0.1,,"['bias', 'prev_violation_exp_4', 's_a', 's_b', 'prev_rewarded', 'prev_delayed_rewarded', 'prev_sound_avg', 'prev_correct', 'prev_choice']","[array([ 0.4141506 ,  0.39057227, -0.80472287]), array([-1.29403429, -1.24618119,  2.54021549]), array([-0.37947706,  0.37247689,  0.00700017]), array([ 0.6003278 , -0.64569433,  0.04536653]), array([ 0.09514898,  0.14501606, -0.24016504]), array([ 0.03101937, -0.06796539,  0.03694602]), array([-0.06908395,  0.0747969 , -0.00571295]), array([-0.18540238,  0.19831072, -0.01290835]), array([-0.12808648,  0.13109913, -0.00301265])]"
W075,base,149443.0520284159,0.3,,"['bias', 'prev_violation_exp_4', 's_a', 's_b', 'prev_rewarded', 'prev_delayed_rewarded', 'prev_sound_avg', 'prev_correct', 'prev_choice']","[array([ 0.42094867,  0.39730901, -0.81825768]), array([-1.31087263, -1.26225212,  2.57312475]), array([-0.38034331,  0.37338366,  0.00695965]), array([ 0.60133767, -0.64694557,  0.0456079 ]), array([ 0.09161488,  0.14147993, -0.23309481]), array([ 0.02966594, -0.07318084,  0.0435149 ]), array([-0.06888283,  0.07509317, -0.00621033]), array([-0.18536045,  0.19843632, -0.01307587]), array([-0.12834604,  0.13134257, -0.00299653])]"
W075,base,149443.19314378558,0.5,,"['bias', 'prev_violation_exp_4', 's_a', 's_b', 'prev_rewarded', 'prev_delayed_rewarded', 'prev_sound_avg', 'prev_correct', 'prev_choice']","[array([ 0.42150497,  0.39786073, -0.81936571]), array([-1.31224885, -1.26356565,  2.57581457]), array([-0.38041262,  0.37345664,  0.00695656]), array([ 0.60141898, -0.64704586,  0.04562799]), array([ 0.09132532,  0.1411897 , -0.23251398]), array([ 0.02954776, -0.07362186,  0.04407412]), array([-0.06886625,  0.07511733, -0.00625102]), array([-0.18535671,  0.19844671, -0.01308945]), array([-0.12836706,  0.13136216, -0.00299512])]"
W075,base,149443.23639104364,0.7,,"['bias', 'prev_violation_exp_4', 's_a', 's_b', 'prev_rewarded', 'prev_delayed_rewarded', 'prev_sound_avg', 'prev_correct', 'prev_choice']","[array([ 0.4216586 ,  0.39801308, -0.81967167]), array([-1.31262884, -1.26392836,  2.5765572 ]), array([-0.38043197,  0.37347653,  0.00695544]), array([ 0.60144092, -0.647074  ,  0.04563308]), array([ 0.09124489,  0.1411091 , -0.23235399]), array([ 0.02951491, -0.07374403,  0.04422913]), array([-0.06886169,  0.07512398, -0.00626229]), array([-0.18535591,  0.19844935, -0.01309344]), array([-0.12837286,  0.13136758, -0.00299472])]"
W075,base,149443.26014308387,1.0,,"['bias', 'prev_violation_exp_4', 's_a', 's_b', 'prev_rewarded', 'prev_delayed_rewarded', 'prev_sound_avg', 'prev_correct', 'prev_choice']","[array([ 0.42174024,  0.39809407, -0.81983431]), array([-1.31283082, -1.2641211 ,  2.57695192]), array([-0.38044215,  0.37348717,  0.00695498]), array([ 0.60145277, -0.64708872,  0.04563595]), array([ 0.09120234,  0.14106642, -0.23226875]), array([ 0.02949742, -0.07380903,  0.04431161]), array([-0.06885926,  0.07512752, -0.00626826]), array([-0.18535539,  0.19845084, -0.01309545]), array([-0.12837594,  0.13137044, -0.0029945 ])]"
W078,base,153225.63846181915,0.0,,"['bias', 'prev_violation_exp_4', 's_a', 's_b', 'prev_rewarded', 'prev_delayed_rewarded', 'prev_sound_avg', 'prev_correct', 'prev_choice']","[array([ 0.42203843,  0.39609256, -0.81813099]), array([-1.31379782, -1.26132917,  2.57512699]), array([-0.38178518,  0.37436678,  0.0074184 ]), array([ 0.60260154, -0.64738934,  0.0447878 ]), array([ 0.09146432,  0.14257762, -0.23404194]), array([ 0.02921351, -0.07247075,  0.04325724]), array([-0.0686936 ,  0.07452826, -0.00583467]), array([-0.1857528 ,  0.19831419, -0.0125614 ]), array([-0.12881102,  0.13115922, -0.00234819])]"
W078,base,153226.62527816865,0.1,,"['bias', 'prev_violation_exp_4', 's_a', 's_b', 'prev_rewarded', 'prev_delayed_rewarded', 'prev_sound_avg', 'prev_correct', 'prev_choice']","[array([ 0.4143398 ,  0.38849368, -0.80283349]), array([-1.2947   , -1.2432073,  2.5379073]), array([-0.38079751,  0.37334522,  0.00745226]), array([ 0.60144844, -0.64598019,  0.04453163]), array([ 0.0954632,  0.1465611, -0.2420243]), array([ 0.03076851, -0.06662873,  0.03586022]), array([-0.06891955,  0.07419442, -0.00527488]), array([-0.18579377,  0.19818013, -0.01238639]), array([-0.12851647,  0.13088067, -0.00236428])]"
W078,base,153225.50916929985,0.3,,"['bias', 'prev_violation_exp_4', 's_a', 's_b', 'prev_rewarded', 'prev_delayed_rewarded', 'prev_sound_avg', 'prev_correct', 'prev_choice']","[array([ 0.42116484,  0.39522967, -0.81639451]), array([-1.31163314, -1.25927518,  2.57090832]), array([-0.38167512,  0.37425293,  0.0074222 ]), array([ 0.60247317, -0.64723196,  0.04475879]), array([ 0.09191911,  0.14303138, -0.2349505 ]), array([ 0.02940076, -0.07178744,  0.04238668]), array([-0.0687194 ,  0.07449053, -0.00577113]), array([-0.18575762,  0.19829909, -0.01254146]), array([-0.12877792,  0.13112808, -0.00235016])]"
W078,base,153225.58476476776,0.5,,"['bias', 'prev_violation_exp_4', 's_a', 's_b', 'prev_rewarded', 'prev_delayed_rewarded', 'prev_sound_avg', 'prev_correct', 'prev_choice']","[array([ 0.4217234 ,  0.39578137, -0.81750477]), array([-1.31301734, -1.26058861,  2.57360574]), array([-0.38174553,  0.37432579,  0.00741978]), array([ 0.60255533, -0.64733264,  0.04477736]), array([ 0.09162838,  0.14274133, -0.23436964]), array([ 0.02928135, -0.07222373,  0.04294235]), array([-0.06870299,  0.07451457, -0.00581184]), array([-0.18575445,  0.19830884, -0.01255411]), array([-0.12879933,  0.13114776, -0.00234914])]"
W078,base,153225.61006237994,0.7,,"['bias', 'prev_violation_exp_4', 's_a', 's_b', 'prev_rewarded', 'prev_delayed_rewarded', 'prev_sound_avg', 'prev_correct', 'prev_choice']","[array([ 0.42187762,  0.39593371, -0.81781133]), array([-1.31339941, -1.26095112,  2.57435053]), array([-0.38176496,  0.37434586,  0.0074191 ]), array([ 0.60257796, -0.64736041,  0.04478245]), array([ 0.09154807,  0.14266118, -0.23420924]), array([ 0.02924819, -0.07234457,  0.04309638]), array([-0.06869835,  0.07452132, -0.00582297]), array([-0.18575369,  0.19831141, -0.01255772]), array([-0.12880494,  0.13115349, -0.00234855])]"
W078,base,153225.62428006277,1.0,,"['bias', 'prev_violation_exp_4', 's_a', 's_b', 'prev_rewarded', 'prev_delayed_rewarded', 'prev_sound_avg', 'prev_correct', 'prev_choice']","[array([ 0.42195961,  0.3960147 , -0.81797432]), array([-1.31360255, -1.26114389,  2.57474644]), array([-0.38177527,  0.37435653,  0.00741874]), array([ 0.60258998, -0.64737516,  0.04478518]), array([ 0.09150537,  0.14261857, -0.23412394]), array([ 0.02923052, -0.07240889,  0.04317837]), array([-0.06869593,  0.07452486, -0.00582893]), array([-0.18575323,  0.19831283, -0.0125596 ]), array([-0.12880804,  0.13115641, -0.00234837])]"
W080,base,174168.52820551558,0.0,,"['bias', 'prev_violation_exp_4', 's_a', 's_b', 'prev_rewarded', 'prev_delayed_rewarded', 'prev_sound_avg', 'prev_correct', 'prev_choice']","[array([ 0.42252975,  0.38949744, -0.81202719]), array([-1.31378867, -1.26922998,  2.58301866]), array([-0.35276316,  0.34898976,  0.0037734 ]), array([ 0.56746542, -0.6169885 ,  0.04952308]), array([ 0.09213915,  0.14392954, -0.23606869]), array([ 0.03913262, -0.07360268,  0.03447006]), array([-0.06222596,  0.0682573 , -0.00603134]), array([-0.17949729,  0.19148429, -0.011987  ]), array([-0.12693842,  0.12667402,  0.00026439])]"
W080,base,174173.02348584702,0.1,,"['bias', 'prev_violation_exp_4', 's_a', 's_b', 'prev_rewarded', 'prev_delayed_rewarded', 'prev_sound_avg', 'prev_correct', 'prev_choice']","[array([ 0.41538449,  0.38236302, -0.7977475 ]), array([-1.29677932, -1.25277942,  2.54955802]), array([-0.35189126,  0.34807162,  0.00381876]), array([ 0.56647041, -0.61571952,  0.04924913]), array([ 0.09583707,  0.14765865, -0.24349525]), array([ 0.04094279, -0.06916055,  0.02821774]), array([-0.06241694,  0.06798212, -0.00556543]), array([-0.17953524,  0.19138427, -0.0118488 ]), array([-0.12668318,  0.12644034,  0.00024257])]"
W080,base,174168.81640306185,0.3,,"['bias', 'prev_violation_exp_4', 's_a', 's_b', 'prev_rewarded', 'prev_delayed_rewarded', 'prev_sound_avg', 'prev_correct', 'prev_choice']","[array([ 0.42172062,  0.38868916, -0.81040978]), array([-1.31186458, -1.26736891,  2.57923348]), array([-0.35266601,  0.3488875 ,  0.00377852]), array([ 0.56735473, -0.61684685,  0.04949211]), array([ 0.09255881,  0.14435317, -0.23691199]), array([ 0.03934395, -0.07309196,  0.03374801]), array([-0.06224769,  0.06822627, -0.00597858]), array([-0.17950172,  0.19147301, -0.0119713 ]), array([-0.12690975,  0.12664792,  0.00026183])]"
W080,base,174168.62566184235,0.5,,"['bias', 'prev_violation_exp_4', 's_a', 's_b', 'prev_rewarded', 'prev_delayed_rewarded', 'prev_sound_avg', 'prev_correct', 'prev_choice']","[array([ 0.42223801,  0.389206  , -0.81144401]), array([-1.31309499, -1.26855901,  2.581654  ]), array([-0.35272817,  0.34895294,  0.00377525]), array([ 0.56742557, -0.61693749,  0.04951191]), array([ 0.09229048,  0.14408232, -0.23637282]), array([ 0.039209  , -0.07341831,  0.03420931]), array([-0.0622338 ,  0.06824612, -0.00601232]), array([-0.17949888,  0.19148023, -0.01198133]), array([-0.1269281 ,  0.12666461,  0.00026346])]"
W080,base,174168.57703968108,0.7,,"['bias', 'prev_violation_exp_4', 's_a', 's_b', 'prev_rewarded', 'prev_delayed_rewarded', 'prev_sound_avg', 'prev_correct', 'prev_choice']","[array([ 0.42238085,  0.38934868, -0.81172952]), array([-1.31343461, -1.26888752,  2.58232213]), array([-0.35274531,  0.34897097,  0.00377434]), array([ 0.56744509, -0.61696247,  0.04951738]), array([ 0.0922164 ,  0.14400753, -0.23622393]), array([ 0.03917163, -0.07350854,  0.03433691]), array([-0.06222996,  0.06825159, -0.00602163]), array([-0.1794981 ,  0.19148221, -0.01198411]), array([-0.12693315,  0.12666923,  0.00026392])]"
W080,base,174168.55190888618,1.0,,"['bias', 'prev_violation_exp_4', 's_a', 's_b', 'prev_rewarded', 'prev_delayed_rewarded', 'prev_sound_avg', 'prev_correct', 'prev_choice']","[array([ 0.42245677,  0.38942453, -0.8118813 ]), array([-1.31361515, -1.26906213,  2.58267728]), array([-0.35275441,  0.34898055,  0.00377386]), array([ 0.56745546, -0.61697574,  0.04952029]), array([ 0.09217701,  0.14396777, -0.23614478]), array([ 0.03915175, -0.07355653,  0.03440479]), array([-0.06222792,  0.06825451, -0.00602658]), array([-0.17949769,  0.19148327, -0.01198558]), array([-0.12693584,  0.12667167,  0.00026416])]"
W081,base,174168.52820551558,0.0,,"['bias', 'prev_violation_exp_4', 's_a', 's_b', 'prev_rewarded', 'prev_delayed_rewarded', 'prev_sound_avg', 'prev_correct', 'prev_choice']","[array([ 0.42252975,  0.38949744, -0.81202719]), array([-1.31378867, -1.26922998,  2.58301866]), array([-0.35276316,  0.34898976,  0.0037734 ]), array([ 0.56746542, -0.6169885 ,  0.04952308]), array([ 0.09213915,  0.14392954, -0.23606869]), array([ 0.03913262, -0.07360268,  0.03447006]), array([-0.06222596,  0.0682573 , -0.00603134]), array([-0.17949729,  0.19148429, -0.011987  ]), array([-0.12693842,  0.12667402,  0.00026439])]"
W081,base,174173.02348584702,0.1,,"['bias', 'prev_violation_exp_4', 's_a', 's_b', 'prev_rewarded', 'prev_delayed_rewarded', 'prev_sound_avg', 'prev_correct', 'prev_choice']","[array([ 0.41538449,  0.38236302, -0.7977475 ]), array([-1.29677932, -1.25277942,  2.54955802]), array([-0.35189126,  0.34807162,  0.00381876]), array([ 0.56647041, -0.61571952,  0.04924913]), array([ 0.09583707,  0.14765865, -0.24349525]), array([ 0.04094279, -0.06916055,  0.02821774]), array([-0.06241694,  0.06798212, -0.00556543]), array([-0.17953524,  0.19138427, -0.0118488 ]), array([-0.12668318,  0.12644034,  0.00024257])]"
W081,base,174168.81640306185,0.3,,"['bias', 'prev_violation_exp_4', 's_a', 's_b', 'prev_rewarded', 'prev_delayed_rewarded', 'prev_sound_avg', 'prev_correct', 'prev_choice']","[array([ 0.42172062,  0.38868916, -0.81040978]), array([-1.31186458, -1.26736891,  2.57923348]), array([-0.35266601,  0.3488875 ,  0.00377852]), array([ 0.56735473, -0.61684685,  0.04949211]), array([ 0.09255881,  0.14435317, -0.23691199]), array([ 0.03934395, -0.07309196,  0.03374801]), array([-0.06224769,  0.06822627, -0.00597858]), array([-0.17950172,  0.19147301, -0.0119713 ]), array([-0.12690975,  0.12664792,  0.00026183])]"
W081,base,174168.62566184235,0.5,,"['bias', 'prev_violation_exp_4', 's_a', 's_b', 'prev_rewarded', 'prev_delayed_rewarded', 'prev_sound_avg', 'prev_correct', 'prev_choice']","[array([ 0.42223801,  0.389206  , -0.81144401]), array([-1.31309499, -1.26855901,  2.581654  ]), array([-0.35272817,  0.34895294,  0.00377525]), array([ 0.56742557, -0.61693749,  0.04951191]), array([ 0.09229048,  0.14408232, -0.23637282]), array([ 0.039209  , -0.07341831,  0.03420931]), array([-0.0622338 ,  0.06824612, -0.00601232]), array([-0.17949888,  0.19148023, -0.01198133]), array([-0.1269281 ,  0.12666461,  0.00026346])]"
W081,base,174168.57703968108,0.7,,"['bias', 'prev_violation_exp_4', 's_a', 's_b', 'prev_rewarded', 'prev_delayed_rewarded', 'prev_sound_avg', 'prev_correct', 'prev_choice']","[array([ 0.42238085,  0.38934868, -0.81172952]), array([-1.31343461, -1.26888752,  2.58232213]), array([-0.35274531,  0.34897097,  0.00377434]), array([ 0.56744509, -0.61696247,  0.04951738]), array([ 0.0922164 ,  0.14400753, -0.23622393]), array([ 0.03917163, -0.07350854,  0.03433691]), array([-0.06222996,  0.06825159, -0.00602163]), array([-0.1794981 ,  0.19148221, -0.01198411]), array([-0.12693315,  0.12666923,  0.00026392])]"
W081,base,174168.55190888618,1.0,,"['bias', 'prev_violation_exp_4', 's_a', 's_b', 'prev_rewarded', 'prev_delayed_rewarded', 'prev_sound_avg', 'prev_correct', 'prev_choice']","[array([ 0.42245677,  0.38942453, -0.8118813 ]), array([-1.31361515, -1.26906213,  2.58267728]), array([-0.35275441,  0.34898055,  0.00377386]), array([ 0.56745546, -0.61697574,  0.04952029]), array([ 0.09217701,  0.14396777, -0.23614478]), array([ 0.03915175, -0.07355653,  0.03440479]), array([-0.06222792,  0.06825451, -0.00602658]), array([-0.17949769,  0.19148327, -0.01198558]), array([-0.12693584,  0.12667167,  0.00026416])]"
W082,base,174168.52820551558,0.0,,"['bias', 'prev_violation_exp_4', 's_a', 's_b', 'prev_rewarded', 'prev_delayed_rewarded', 'prev_sound_avg', 'prev_correct', 'prev_choice']","[array([ 0.42252975,  0.38949744, -0.81202719]), array([-1.31378867, -1.26922998,  2.58301866]), array([-0.35276316,  0.34898976,  0.0037734 ]), array([ 0.56746542, -0.6169885 ,  0.04952308]), array([ 0.09213915,  0.14392954, -0.23606869]), array([ 0.03913262, -0.07360268,  0.03447006]), array([-0.06222596,  0.0682573 , -0.00603134]), array([-0.17949729,  0.19148429, -0.011987  ]), array([-0.12693842,  0.12667402,  0.00026439])]"
W082,base,174173.02348584702,0.1,,"['bias', 'prev_violation_exp_4', 's_a', 's_b', 'prev_rewarded', 'prev_delayed_rewarded', 'prev_sound_avg', 'prev_correct', 'prev_choice']","[array([ 0.41538449,  0.38236302, -0.7977475 ]), array([-1.29677932, -1.25277942,  2.54955802]), array([-0.35189126,  0.34807162,  0.00381876]), array([ 0.56647041, -0.61571952,  0.04924913]), array([ 0.09583707,  0.14765865, -0.24349525]), array([ 0.04094279, -0.06916055,  0.02821774]), array([-0.06241694,  0.06798212, -0.00556543]), array([-0.17953524,  0.19138427, -0.0118488 ]), array([-0.12668318,  0.12644034,  0.00024257])]"
W082,base,174168.81640306185,0.3,,"['bias', 'prev_violation_exp_4', 's_a', 's_b', 'prev_rewarded', 'prev_delayed_rewarded', 'prev_sound_avg', 'prev_correct', 'prev_choice']","[array([ 0.42172062,  0.38868916, -0.81040978]), array([-1.31186458, -1.26736891,  2.57923348]), array([-0.35266601,  0.3488875 ,  0.00377852]), array([ 0.56735473, -0.61684685,  0.04949211]), array([ 0.09255881,  0.14435317, -0.23691199]), array([ 0.03934395, -0.07309196,  0.03374801]), array([-0.06224769,  0.06822627, -0.00597858]), array([-0.17950172,  0.19147301, -0.0119713 ]), array([-0.12690975,  0.12664792,  0.00026183])]"
W082,base,174168.62566184235,0.5,,"['bias', 'prev_violation_exp_4', 's_a', 's_b', 'prev_rewarded', 'prev_delayed_rewarded', 'prev_sound_avg', 'prev_correct', 'prev_choice']","[array([ 0.42223801,  0.389206  , -0.81144401]), array([-1.31309499, -1.26855901,  2.581654  ]), array([-0.35272817,  0.34895294,  0.00377525]), array([ 0.56742557, -0.61693749,  0.04951191]), array([ 0.09229048,  0.14408232, -0.23637282]), array([ 0.039209  , -0.07341831,  0.03420931]), array([-0.0622338 ,  0.06824612, -0.00601232]), array([-0.17949888,  0.19148023, -0.01198133]), array([-0.1269281 ,  0.12666461,  0.00026346])]"
W082,base,174168.57703968108,0.7,,"['bias', 'prev_violation_exp_4', 's_a', 's_b', 'prev_rewarded', 'prev_delayed_rewarded', 'prev_sound_avg', 'prev_correct', 'prev_choice']","[array([ 0.42238085,  0.38934868, -0.81172952]), array([-1.31343461, -1.26888752,  2.58232213]), array([-0.35274531,  0.34897097,  0.00377434]), array([ 0.56744509, -0.61696247,  0.04951738]), array([ 0.0922164 ,  0.14400753, -0.23622393]), array([ 0.03917163, -0.07350854,  0.03433691]), array([-0.06222996,  0.06825159, -0.00602163]), array([-0.1794981 ,  0.19148221, -0.01198411]), array([-0.12693315,  0.12666923,  0.00026392])]"
W082,base,174168.55190888618,1.0,,"['bias', 'prev_violation_exp_4', 's_a', 's_b', 'prev_rewarded', 'prev_delayed_rewarded', 'prev_sound_avg', 'prev_correct', 'prev_choice']","[array([ 0.42245677,  0.38942453, -0.8118813 ]), array([-1.31361515, -1.26906213,  2.58267728]), array([-0.35275441,  0.34898055,  0.00377386]), array([ 0.56745546, -0.61697574,  0.04952029]), array([ 0.09217701,  0.14396777, -0.23614478]), array([ 0.03915175, -0.07355653,  0.03440479]), array([-0.06222792,  0.06825451, -0.00602658]), array([-0.17949769,  0.19148327, -0.01198558]), array([-0.12693584,  0.12667167,  0.00026416])]"
W083,base,175588.32836449397,0.0,,"['bias', 'prev_violation_exp_4', 's_a', 's_b', 'prev_rewarded', 'prev_delayed_rewarded', 'prev_sound_avg', 'prev_correct', 'prev_choice']","[array([ 0.42013756,  0.39564516, -0.81578273]), array([-1.30962336, -1.28026483,  2.58988819]), array([-0.35634168,  0.35007741,  0.00626427]), array([ 0.57060759, -0.61774816,  0.04714058]), array([ 0.09288038,  0.14181494, -0.23469532]), array([ 0.04779524, -0.08515254,  0.0373573 ]), array([-0.06160933,  0.06918377, -0.00757443]), array([-0.17772107,  0.1897496 , -0.01202852]), array([-0.12495171,  0.1269019 , -0.00195019])]"
W083,base,175589.09690109338,0.1,,"['bias', 'prev_violation_exp_4', 's_a', 's_b', 'prev_rewarded', 'prev_delayed_rewarded', 'prev_sound_avg', 'prev_correct', 'prev_choice']","[array([ 0.41309404,  0.38848132, -0.80157536]), array([-1.29290402, -1.26370903,  2.55661235]), array([-0.35546922,  0.34916987,  0.00629958]), array([ 0.56961532, -0.61649323,  0.04687812]), array([ 0.09652736,  0.14557369, -0.24210095]), array([ 0.04939837, -0.08034568,  0.0309473 ]), array([-0.06180726,  0.06889769, -0.00709033]), array([-0.1777652 ,  0.18963814, -0.01187314]), array([-0.12469934,  0.12667885, -0.00197894])]"
W083,base,175588.1952570814,0.3,,"['bias', 'prev_violation_exp_4', 's_a', 's_b', 'prev_rewarded', 'prev_delayed_rewarded', 'prev_sound_avg', 'prev_correct', 'prev_choice']","[array([ 0.41934008,  0.39483361, -0.81417369]), array([-1.30773249, -1.27839189,  2.58612438]), array([-0.35624452,  0.34997629,  0.00626825]), array([ 0.57049721, -0.61760807,  0.04711087]), array([ 0.0932942 ,  0.1422419 , -0.23553611]), array([ 0.04798326, -0.08459994,  0.03661669]), array([-0.06163185,  0.06915149, -0.00751963]), array([-0.17772619,  0.18973703, -0.01201086]), array([-0.12492339,  0.12687698, -0.00195358])]"
W083,base,175588.27393401225,0.5,,"['bias', 'prev_violation_exp_4', 's_a', 's_b', 'prev_rewarded', 'prev_delayed_rewarded', 'prev_sound_avg', 'prev_correct', 'prev_choice']","[array([ 0.41985003,  0.39535254, -0.81520257]), array([-1.30894167, -1.27958959,  2.58853125]), array([-0.3563067 ,  0.35004099,  0.0062657 ]), array([ 0.57056785, -0.61769771,  0.04712986]), array([ 0.09302961,  0.14196892, -0.23499853]), array([ 0.04786322, -0.08495305,  0.03708983]), array([-0.06161746,  0.06917213, -0.00755467]), array([-0.17772292,  0.18974507, -0.01202215]), array([-0.12494151,  0.12689293, -0.00195141])]"
W083,base,175588.29967548588,0.7,,"['bias', 'prev_violation_exp_4', 's_a', 's_b', 'prev_rewarded', 'prev_delayed_rewarded', 'prev_sound_avg', 'prev_correct', 'prev_choice']","[array([ 0.4199908,  0.3954958, -0.8154866]), array([-1.30927542, -1.27992018,  2.5891956 ]), array([-0.35632383,  0.35005883,  0.006265  ]), array([ 0.57058731, -0.61772242,  0.04713511]), array([ 0.09295655,  0.14189354, -0.2348501 ]), array([ 0.04782997, -0.08505068,  0.03722072]), array([-0.06161348,  0.06917783, -0.00756435]), array([-0.17772202,  0.18974729, -0.01202527]), array([-0.12494651,  0.12689732, -0.00195082])]"
W083,base,175588.31405991924,1.0,,"['bias', 'prev_violation_exp_4', 's_a', 's_b', 'prev_rewarded', 'prev_delayed_rewarded', 'prev_sound_avg', 'prev_correct', 'prev_choice']","[array([ 0.42006563,  0.39557196, -0.81563759]), array([-1.30945283, -1.28009592,  2.58954875]), array([-0.35633293,  0.35006831,  0.00626463]), array([ 0.57059766, -0.61773555,  0.0471379 ]), array([ 0.09291771,  0.14185346, -0.23477118]), array([ 0.04781227, -0.08510262,  0.03729035]), array([-0.06161137,  0.06918086, -0.00756949]), array([-0.17772154,  0.18974847, -0.01202693]), array([-0.12494916,  0.12689966, -0.0019505 ])]"
W088,base,165060.8937808637,0.0,,"['bias', 'prev_violation_exp_4', 's_a', 's_b', 'prev_rewarded', 'prev_delayed_rewarded', 'prev_sound_avg', 'prev_correct', 'prev_choice']","[array([ 0.42315356,  0.39058315, -0.81373672]), array([-1.31054657, -1.26581582,  2.57636239]), array([-0.35700423,  0.35169521,  0.00530901]), array([ 0.57297237, -0.62187009,  0.04889772]), array([ 0.09038002,  0.14570206, -0.23608208]), array([ 0.0398669 , -0.07396299,  0.03409608]), array([-0.06558748,  0.07006236, -0.00447488]), array([-0.18280975,  0.1953107 , -0.01250095]), array([-0.12797683,  0.12649229,  0.00148454])]"
W088,base,165066.02897455927,0.1,,"['bias', 'prev_violation_exp_4', 's_a', 's_b', 'prev_rewarded', 'prev_delayed_rewarded', 'prev_sound_avg', 'prev_correct', 'prev_choice']","[array([ 0.41601182,  0.38346117, -0.79947299]), array([-1.29333182, -1.24919589,  2.5425279 ]), array([-0.35612036,  0.35078347,  0.00533723]), array([ 0.57196475, -0.62060601,  0.04864129]), array([ 0.09408234,  0.14942427, -0.24350664]), array([ 0.04157497, -0.06933951,  0.02776454]), array([-0.06578018,  0.06977933, -0.00399907]), array([-0.1828468 ,  0.19520549, -0.01235857]), array([-0.12771379,  0.12625802,  0.0014558 ])]"
W088,base,165061.25924413372,0.3,,"['bias', 'prev_violation_exp_4', 's_a', 's_b', 'prev_rewarded', 'prev_delayed_rewarded', 'prev_sound_avg', 'prev_correct', 'prev_choice']","[array([ 0.42234467,  0.38977605, -0.81212072]), array([-1.30859884, -1.26393521,  2.57253404]), array([-0.35690577,  0.35159363,  0.00531213]), array([ 0.57286024, -0.62172899,  0.04886874]), array([ 0.09080026,  0.14612506, -0.23692534]), array([ 0.04006716, -0.0734303 ,  0.03336314]), array([-0.06560944,  0.07003042, -0.004421  ]), array([-0.18281411,  0.19529883, -0.01248482]), array([-0.1279473 ,  0.12646611,  0.00148119])]"
W088,base,165061.0192363718,0.5,,"['bias', 'prev_violation_exp_4', 's_a', 's_b', 'prev_rewarded', 'prev_delayed_rewarded', 'prev_sound_avg', 'prev_correct', 'prev_choice']","[array([ 0.4228619 ,  0.39029212, -0.81315403]), array([-1.30984429, -1.26513774,  2.57498211]), array([-0.35696878,  0.35165862,  0.00531012]), array([ 0.57293218, -0.62181908,  0.04888747]), array([ 0.09053172,  0.14585477, -0.23638604]), array([ 0.03993931, -0.07377066,  0.03383135]), array([-0.06559546,  0.07005079, -0.00445552]), array([-0.18281142,  0.19530634, -0.01249522]), array([-0.12796623,  0.12648282,  0.00148328])]"
W088,base,165060.95693179226,0.7,,"['bias', 'prev_violation_exp_4', 's_a', 's_b', 'prev_rewarded', 'prev_delayed_rewarded', 'prev_sound_avg', 'prev_correct', 'prev_choice']","[array([ 0.42300469,  0.3904346 , -0.81343929]), array([-1.3101881 , -1.26546972,  2.57565782]), array([-0.35698612,  0.35167654,  0.00530958]), array([ 0.57295176, -0.62184416,  0.0488924 ]), array([ 0.09045738,  0.14577994, -0.23623731]), array([ 0.03990389, -0.07386478,  0.0339609 ]), array([-0.06559152,  0.07005649, -0.00446497]), array([-0.18281055,  0.19530853, -0.01249798]), array([-0.1279714 ,  0.12648748,  0.00148391])]"
W088,base,165060.92450602853,1.0,,"['bias', 'prev_violation_exp_4', 's_a', 's_b', 'prev_rewarded', 'prev_delayed_rewarded', 'prev_sound_avg', 'prev_correct', 'prev_choice']","[array([ 0.42308059,  0.39051034, -0.81359093]), array([-1.31037085, -1.26564617,  2.57601702]), array([-0.35699535,  0.35168606,  0.00530929]), array([ 0.57296227, -0.62185738,  0.04889511]), array([ 0.09041793,  0.14574023, -0.23615816]), array([ 0.03988504, -0.07391485,  0.03402982]), array([-0.06558946,  0.07005948, -0.00447002]), array([-0.18281014,  0.19530964, -0.01249949]), array([-0.12797416,  0.12648994,  0.00148423])]"
W089,base,164351.50229407227,0.0,,"['bias', 'prev_violation_exp_4', 's_a', 's_b', 'prev_rewarded', 'prev_delayed_rewarded', 'prev_sound_avg', 'prev_correct', 'prev_choice']","[array([ 0.42084049,  0.39800682, -0.81884731]), array([-1.29487334, -1.28544613,  2.58031947]), array([-0.35614551,  0.34903618,  0.00710933]), array([ 0.57483295, -0.62260299,  0.04777004]), array([ 0.08888332,  0.14121366, -0.23009698]), array([ 0.02603989, -0.07844939,  0.0524095 ]), array([-0.06491754,  0.07060558, -0.00568803]), array([-0.18467833,  0.19506225, -0.01038392]), array([-1.27040372e-01,  1.27060697e-01, -2.03251066e-05])]"
W089,base,164354.00278319448,0.1,,"['bias', 'prev_violation_exp_4', 's_a', 's_b', 'prev_rewarded', 'prev_delayed_rewarded', 'prev_sound_avg', 'prev_correct', 'prev_choice']","[array([ 0.41369419,  0.39069102, -0.80438521]), array([-1.27780637, -1.26814288,  2.54594947]), array([-0.3552833 ,  0.34809677,  0.00718615]), array([ 0.5738555 , -0.62128754,  0.04743228]), array([ 0.09259846,  0.1450406 , -0.23763921]), array([ 0.02808987, -0.07346532,  0.04537546]), array([-0.06511311,  0.07031863, -0.00520548]), array([-0.18472704,  0.19494343, -0.01021643]), array([-1.26774048e-01,  1.26822981e-01, -4.88716417e-05])]"
W089,base,164351.55969423626,0.3,,"['bias', 'prev_violation_exp_4', 's_a', 's_b', 'prev_rewarded', 'prev_delayed_rewarded', 'prev_sound_avg', 'prev_correct', 'prev_choice']","[array([ 0.42003087,  0.39717746, -0.81720833]), array([-1.29294219, -1.28348736,  2.57642955]), array([-0.35604952,  0.34893147,  0.00711801]), array([ 0.57472427, -0.62245606,  0.04773179]), array([ 0.08930515,  0.14164873, -0.23095389]), array([ 0.02627964, -0.0778744 ,  0.05159477]), array([-0.06493982,  0.07057319, -0.00563337]), array([-0.18468398,  0.19504887, -0.01036488]), array([-1.27010473e-01,  1.27034122e-01, -2.36725840e-05])]"
W089,base,164351.51638376032,0.5,,"['bias', 'prev_violation_exp_4', 's_a', 's_b', 'prev_rewarded', 'prev_delayed_rewarded', 'prev_sound_avg', 'prev_correct', 'prev_choice']","[array([ 0.42054857,  0.39770778, -0.81825635]), array([-1.29417712, -1.28473992,  2.57891701]), array([-0.35611099,  0.34899843,  0.00711242]), array([ 0.57479329, -0.62255061,  0.0477557 ]), array([ 0.08903542,  0.14137053, -0.23040603]), array([ 0.02612656, -0.07824176,  0.05211521]), array([-0.06492562,  0.07059387, -0.00566835]), array([-0.18468082,  0.19505697, -0.0103775 ]), array([-1.27029572e-01,  1.27051155e-01, -2.15036817e-05])]"
W089,base,164351.50854849812,0.7,,"['bias', 'prev_violation_exp_4', 's_a', 's_b', 'prev_rewarded', 'prev_delayed_rewarded', 'prev_sound_avg', 'prev_correct', 'prev_choice']","[array([ 0.42069148,  0.39785417, -0.81854565]), array([-1.29451797, -1.28508565,  2.57960362]), array([-0.35612788,  0.34901694,  0.00711093]), array([ 0.57481299, -0.62257599,  0.047763  ]), array([ 0.08896098,  0.14129375, -0.23025473]), array([ 0.02608416, -0.07834337,  0.05225921]), array([-0.06492165,  0.07059962, -0.00567797]), array([-0.18467937,  0.19505979, -0.01038041]), array([-1.27034873e-01,  1.27055816e-01, -2.09429274e-05])]"
W089,base,164351.50511965854,1.0,,"['bias', 'prev_violation_exp_4', 's_a', 's_b', 'prev_rewarded', 'prev_delayed_rewarded', 'prev_sound_avg', 'prev_correct', 'prev_choice']","[array([ 0.42076746,  0.39793201, -0.81869947]), array([-1.29469917, -1.28526946,  2.57996863]), array([-0.35613687,  0.34902675,  0.00711012]), array([ 0.57482316, -0.62258975,  0.04776659]), array([ 0.08892138,  0.14125292, -0.2301743 ]), array([ 0.02606159, -0.07839741,  0.05233582]), array([-0.06491955,  0.07060266, -0.0056831 ]), array([-0.18467884,  0.19506104, -0.0103822 ]), array([-1.27037678e-01,  1.27058305e-01, -2.06270261e-05])]"
W094,base,143284.16574779793,0.0,,"['bias', 'prev_violation_exp_4', 's_a', 's_b', 'prev_rewarded', 'prev_delayed_rewarded', 'prev_sound_avg', 'prev_correct', 'prev_choice']","[array([ 0.42329139,  0.39090792, -0.8141993 ]), array([-1.31701548, -1.24790399,  2.56491946]), array([-0.40214623,  0.39263371,  0.00951253]), array([ 0.62576687, -0.66743903,  0.04167216]), array([ 0.08974012,  0.14851707, -0.23825719]), array([-0.10992785,  0.01523893,  0.09468893]), array([-0.06859554,  0.07437979, -0.00578424]), array([-0.18800836,  0.19886089, -0.01085253]), array([-0.12450359,  0.12778019, -0.00327659])]"
W094,base,143288.0283989275,0.1,,"['bias', 'prev_violation_exp_4', 's_a', 's_b', 'prev_rewarded', 'prev_delayed_rewarded', 'prev_sound_avg', 'prev_correct', 'prev_choice']","[array([ 0.41504097,  0.38331673, -0.79835769]), array([-1.29656719, -1.22933862,  2.52590571]), array([-0.4010679 ,  0.39154991,  0.00951819]), array([ 0.62450058, -0.66594103,  0.04144017]), array([ 0.09413039,  0.15241631, -0.24654671]), array([-0.09950604,  0.01694527,  0.08256077]), array([-0.06884856,  0.07403657, -0.00518803]), array([-0.18802929,  0.19873386, -0.01070489]), array([-0.12421154,  0.12747274, -0.00326141])]"
W094,base,143284.3373214834,0.3,,"['bias', 'prev_violation_exp_4', 's_a', 's_b', 'prev_rewarded', 'prev_delayed_rewarded', 'prev_sound_avg', 'prev_correct', 'prev_choice']","[array([ 0.42235288,  0.39004543, -0.81239831]), array([-1.31469381, -1.24579863,  2.56049244]), array([-0.40202598,  0.392513  ,  0.009513  ]), array([ 0.62562577, -0.6672718 ,  0.04164604]), array([ 0.09024106,  0.14896145, -0.2392025 ]), array([-0.10868034,  0.01545091,  0.09322944]), array([-0.06862453,  0.07434096, -0.00571643]), array([-0.1880108 ,  0.19884672, -0.0108359 ]), array([-0.1244709 ,  0.12774569, -0.00327478])]"
W094,base,143284.21975024784,0.5,,"['bias', 'prev_violation_exp_4', 's_a', 's_b', 'prev_rewarded', 'prev_delayed_rewarded', 'prev_sound_avg', 'prev_correct', 'prev_choice']","[array([ 0.42295287,  0.39059686, -0.81354973]), array([-1.31617817, -1.24714476,  2.56332304]), array([-0.40210286,  0.39259031,  0.00951276]), array([ 0.62571604, -0.66737883,  0.04166272]), array([ 0.08992078,  0.14867731, -0.23859829]), array([-0.10947596,  0.01531594,  0.09416002]), array([-0.06860602,  0.07436578, -0.0057598 ]), array([-0.18800919,  0.19885584, -0.01084648]), array([-0.1244918 ,  0.12776778, -0.00327592])]"
W094,base,143284.19220548478,0.7,,"['bias', 'prev_violation_exp_4', 's_a', 's_b', 'prev_rewarded', 'prev_delayed_rewarded', 'prev_sound_avg', 'prev_correct', 'prev_choice']","[array([ 0.42311858,  0.39074913, -0.81386772]), array([-1.31658809, -1.24751647,  2.56410455]), array([-0.40212414,  0.39261153,  0.00951261]), array([ 0.62574095, -0.6674083 ,  0.04166735]), array([ 0.08983238,  0.14859891, -0.23843129]), array([-0.1096969 ,  0.01527832,  0.09441858]), array([-0.06860088,  0.07437264, -0.00577176]), array([-0.18800881,  0.19885828, -0.01084947]), array([-0.12449759,  0.12777384, -0.00327626])]"
W094,base,143284.1784269868,1.0,,"['bias', 'prev_violation_exp_4', 's_a', 's_b', 'prev_rewarded', 'prev_delayed_rewarded', 'prev_sound_avg', 'prev_correct', 'prev_choice']","[array([ 0.42320669,  0.39083009, -0.81403678]), array([-1.316806  , -1.24771405,  2.56452006]), array([-0.40213541,  0.39262284,  0.00951257]), array([ 0.62575417, -0.66742397,  0.0416698 ]), array([ 0.08978534,  0.14855719, -0.23834253]), array([-0.10981458,  0.01525825,  0.09455633]), array([-0.06859816,  0.07437628, -0.00577812]), array([-0.18800858,  0.19885961, -0.01085103]), array([-0.12450065,  0.12777708, -0.00327643])]"
